﻿Designator,Footprint,Quantity,Value,LCSC Part #
C1,0805,1,1u,
"C10, C11, C12, C3, C4, C5, C7, C8, C9",0603,9,100n,
C2,0805,1,2.2u,
C6,0805,1,220n,
"D1, D2, D3, D4",SOT-23,4,BAT54S,
D5,0805,1,YELLOW,
D6,0805,1,GREEN,
J1,JST_XH_S6B-XH-A_1x06_P2.50mm_Horizontal,1,MAIN,
J2,JST_XH_S3B-XH-A_1x03_P2.50mm_Horizontal,1,LOAD CELL 1,
J3,JST_XH_S3B-XH-A_1x03_P2.50mm_Horizontal,1,LOAD CELL 2,
J4,JST_XH_S3B-XH-A_1x03_P2.50mm_Horizontal,1,LOAD CELL 3,
J5,JST_XH_S3B-XH-A_1x03_P2.50mm_Horizontal,1,LOAD CELL 4,
"R1, R2",0603,2,1k 0.1%,
"R10, R11, R12, R15, R16, R8, R9",0603,7,1k,
"R13, R14",0603,2,10k,
"R4, R5, R6, R7",0603,4,2.2,
SW1,SW_DIP_SPSTx04_Slide_6.7x11.72mm_W7.62mm_P2.54mm_LowProfile,1,SW_DIP_x04,
"SW2, SW3",SW_PUSH_6mm,2,SW_Push,
U1,TSSOP-20_4.4x6.5mm_P0.65mm,1,STM32F042F6Px,
U2,WSON-6-1EP_2x2mm_P0.65mm_EP1x1.6mm_ThermalVias,1,TLV76733DRVx,
U3,SOIC8_D_TEX,1,PTCAN3414DR,
U4,PW20_TEX,1,ADS131M04IPWT,
